{"name":"Autodesk Design Description","version":"0.1","designDescription":{"id":"0","name":"XRef File Design","currentVersion":"30","designGraphs":[{"creationDate":"2024-12-12T15:47:21+0000","creatingService":"wipdm","rootIds":[1554459],"designObjectRefs":[],"designObjects":[{"id":1554463,"version":3,"about":"urn:adsk.wipprod:fs.file:vf.5nkRPDe-SoC4LXHPL_td1Q?version=3","lineage":"urn:adsk.wipprod:dm.lineage:5nkRPDe-SoC4LXHPL_td1Q","from":"urn:adsk.objects:os.object:wip.dm.prod/13ef1f07-d3d4-4929-8864-10df58e06688.f3d","relativePath":"a083f3ab-589c-4156-bd75-5ecf5e8f1595.f3d","downloadAs":"a083f3ab-589c-4156-bd75-5ecf5e8f1595.f3d","friendlyName":"IDC-2x8","displayName":"IDC-2x8","zipped":false,"rootFile":"","contentType":"f3d","shareInfo":null,"references":[],"metadata":{"pimDMAction":"","rootFileName":"IDC-2x8.f3d","thumbnailStatus":"REGISTERED","EIPContext":"{}","translateChannel":"convert-fusion-r06","description":"User Saved","isAutoSave":"false","viewableChannel":"viewing-f3d-lmv","LibraryMemberItemInfo":"","DesignModelRevisionID":"414bd72a-9ec8-479d-ac0e-5794e108afe3"},"createdAt":"2024-03-03T08:48:48+0000"},{"id":1554460,"version":1,"about":"urn:adsk.wipprod:fs.file:vf.qT5BYLZ2R6acf4lig94MFQ?version=1","lineage":"urn:adsk.wipprod:dm.lineage:qT5BYLZ2R6acf4lig94MFQ","from":"urn:adsk.objects:os.object:wip.dm.prod/6deb626f-dd29-4ada-a957-07f39e48c135.f3d","relativePath":"855f6d5c-8588-4858-a142-96423ee3cd96.f3d","downloadAs":"855f6d5c-8588-4858-a142-96423ee3cd96.f3d","friendlyName":"pcb-controller-v3","displayName":"pcb-controller-v3","zipped":false,"rootFile":"","contentType":"f3d","shareInfo":null,"references":[],"metadata":{"pimDMAction":"","rootFileName":"pcb-controller-v3.f3d","thumbnailStatus":"REGISTERED","EIPContext":"{}","translateChannel":"convert-fusion-r04","description":"Item created","isAutoSave":"false","viewableChannel":"viewing-f3d-lmv","LibraryMemberItemInfo":"","DesignModelRevisionID":"07ce8103-a970-4a52-b939-7e47d0328e70"},"createdAt":"2024-11-30T13:38:44+0000"},{"id":1554461,"version":11,"about":"urn:adsk.wipprod:fs.file:vf._qLCnbpaQlemwUtM7A6Ntw?version=11","lineage":"urn:adsk.wipprod:dm.lineage:_qLCnbpaQlemwUtM7A6Ntw","from":"urn:adsk.objects:os.object:wip.dm.prod/f808a83e-1b39-4c2a-9c07-76bd13d9fbf4.f3d","relativePath":"63c999b3-9522-4c53-bcaa-0c6b8d264d8d.f3d","downloadAs":"63c999b3-9522-4c53-bcaa-0c6b8d264d8d.f3d","friendlyName":"64x64 panel","displayName":"64x64 panel","zipped":false,"rootFile":"","contentType":"f3d","shareInfo":null,"references":[{"type":"XREF","ids":[1554462],"relationships":[{"id":1554462,"metadata":{"neutronRole":"acd58d03-3677-45fe-8663-4e18b4a8f5a4"}}]}],"metadata":{"pimDMAction":"","rootFileName":"64x64 panel.f3d","thumbnailStatus":"REGISTERED","EIPContext":"{}","translateChannel":"convert-fusion-r06","description":"User Saved","isAutoSave":"false","viewableStatus":"SUCCESS","viewableChannel":"viewing-f3d-lmv","LibraryMemberItemInfo":"","DesignModelRevisionID":"53b3d5f0-4c8a-4da8-a9a3-311dcb271625"},"createdAt":"2024-03-03T14:41:04+0000"},{"id":1554464,"version":3,"about":"urn:adsk.wipprod:fs.file:vf.CNkOeVv4RhmQNIDAJMYBYA?version=3","lineage":"urn:adsk.wipprod:dm.lineage:CNkOeVv4RhmQNIDAJMYBYA","from":"urn:adsk.objects:os.object:wip.dm.prod/52293977-6f28-429e-99b3-3721228cc905.f3d","relativePath":"8c8ebafe-335a-4f6f-afae-c97fc3a64bae.f3d","downloadAs":"8c8ebafe-335a-4f6f-afae-c97fc3a64bae.f3d","friendlyName":"JST VH 4","displayName":"JST VH 4","zipped":false,"rootFile":"","contentType":"f3d","shareInfo":null,"references":[],"metadata":{"pimDMAction":"","rootFileName":"JST VH 4.f3d","thumbnailStatus":"REGISTERED","EIPContext":"{}","translateChannel":"convert-fusion-r06","description":"User Saved","isAutoSave":"false","viewableChannel":"viewing-f3d-lmv","LibraryMemberItemInfo":"","DesignModelRevisionID":"6f1b1852-fa24-4245-a937-02d3b401858f"},"createdAt":"2024-03-03T09:06:58+0000"},{"id":1554462,"version":5,"about":"urn:adsk.wipprod:fs.file:vf.kzSAGTAISUqCRV7mObyJFA?version=5","lineage":"urn:adsk.wipprod:dm.lineage:kzSAGTAISUqCRV7mObyJFA","from":"urn:adsk.objects:os.object:wip.dm.prod/f2835194-1d06-42b3-9828-1242d56a5e84.f3d","relativePath":"6ca8cc2a-35a6-4c11-a290-b154db4cd72b.f3d","downloadAs":"6ca8cc2a-35a6-4c11-a290-b154db4cd72b.f3d","friendlyName":"64x64 pcb","displayName":"64x64 pcb","zipped":false,"rootFile":"","contentType":"f3d","shareInfo":null,"references":[{"type":"XREF","ids":[1554463,1554464],"relationships":[{"id":1554463,"metadata":{"neutronRole":"ed45337f-c3cb-491a-9ce4-aa14f47457aa"}},{"id":1554464,"metadata":{"neutronRole":"b16cf31c-57ee-4504-aadb-68b55074f55e"}}]}],"metadata":{"pimDMAction":"","rootFileName":"64x64 pcb.f3d","thumbnailStatus":"REGISTERED","EIPContext":"{}","translateChannel":"convert-fusion-r06","description":"User Saved","isAutoSave":"false","viewableChannel":"viewing-f3d-lmv","LibraryMemberItemInfo":"","DesignModelRevisionID":"f629361c-ba11-4e51-95d9-7ec578416f3f"},"createdAt":"2024-03-03T14:33:21+0000"},{"id":1554459,"version":30,"about":"urn:adsk.wipprod:fs.file:vf.ob7LvxQzTwCQppxDA74Pzw?version=30","lineage":"urn:adsk.wipprod:dm.lineage:ob7LvxQzTwCQppxDA74Pzw","from":"urn:adsk.objects:os.object:wip.dm.prod/9ca30db5-9a0c-4fec-b589-66e98ee64979.f3d","relativePath":"a47c7487-b910-4593-9a8f-79dd41a58d4d.f3d","downloadAs":"a47c7487-b910-4593-9a8f-79dd41a58d4d.f3d","friendlyName":"panel-corner","displayName":"panel-corner","zipped":false,"rootFile":"","contentType":"f3d","shareInfo":null,"references":[{"type":"XREF","ids":[1554460,1554461],"relationships":[{"id":1554460,"metadata":{"neutronRole":"657949a1-9c80-4904-a585-c7467214c28b"}},{"id":1554461,"metadata":{"neutronRole":"4a1178ed-2c27-4749-9370-3fcdfb2a3604"}}]}],"metadata":{"pimDMAction":"","rootFileName":"panel-corner.f3d","thumbnailStatus":"REGISTERED","EIPContext":"{}","translateChannel":"convert-fusion-r05","description":"User Saved","isAutoSave":"false","viewableChannel":"viewing-f3d-lmv","LibraryMemberItemInfo":"","DesignModelRevisionID":"c6509964-e7d0-497d-a556-98b464e75526"},"createdAt":"2024-12-11T20:44:13+0000"}]}]}}