{"name":"Autodesk Design Description","version":"0.1","designDescription":{"id":"0","name":"XRef File Design","currentVersion":"23","designGraphs":[{"creationDate":"2024-03-20T17:35:32+0000","creatingService":"wipdm","rootIds":[2988642],"designObjectRefs":[],"designObjects":[{"id":2988645,"version":3,"about":"urn:adsk.wipprod:fs.file:vf.5nkRPDe-SoC4LXHPL_td1Q?version=3","lineage":"urn:adsk.wipprod:dm.lineage:5nkRPDe-SoC4LXHPL_td1Q","from":"urn:adsk.objects:os.object:wip.dm.prod/13ef1f07-d3d4-4929-8864-10df58e06688.f3d","relativePath":"a083f3ab-589c-4156-bd75-5ecf5e8f1595.f3d","downloadAs":"a083f3ab-589c-4156-bd75-5ecf5e8f1595.f3d","friendlyName":"IDC-2x8","displayName":"IDC-2x8","zipped":false,"rootFile":"","contentType":"f3d","shareInfo":null,"references":[],"metadata":{"pimDMAction":"","rootFileName":"IDC-2x8.f3d","thumbnailStatus":"REGISTERED","EIPContext":"{}","translateChannel":"convert-fusion-r06","description":"User Saved","isAutoSave":"false","viewableChannel":"viewing-f3d-lmv","LibraryMemberItemInfo":"","DesignModelRevisionID":"414bd72a-9ec8-479d-ac0e-5794e108afe3"},"createdAt":"2024-03-03T08:48:48+0000"},{"id":2988647,"version":3,"about":"urn:adsk.wipprod:fs.file:vf.Wv3D4yLcTQy_s8_xtdOhfg?version=3","lineage":"urn:adsk.wipprod:dm.lineage:Wv3D4yLcTQy_s8_xtdOhfg","from":"urn:adsk.objects:os.object:wip.dm.prod/2c467d3e-a635-4e57-a47b-e4cfc474b28e.f3d","relativePath":"2d3c4fea-9b0b-41db-8d1c-4e5d4ffca51c.f3d","downloadAs":"2d3c4fea-9b0b-41db-8d1c-4e5d4ffca51c.f3d","friendlyName":"controller-pcb","displayName":"controller-pcb","zipped":false,"rootFile":"","contentType":"f3d","shareInfo":null,"references":[],"metadata":{"pimDMAction":"","rootFileName":"controller-pcb.f3d","thumbnailStatus":"REGISTERED","EIPContext":"{}","translateChannel":"convert-fusion-r06","description":"User Saved","isAutoSave":"false","viewableStatus":"SUCCESS","viewableChannel":"viewing-f3d-lmv","LibraryMemberItemInfo":"","DesignModelRevisionID":"19eb5270-f855-4e51-8514-b0198d72853e"},"createdAt":"2024-03-10T20:16:15+0000"},{"id":2988643,"version":11,"about":"urn:adsk.wipprod:fs.file:vf._qLCnbpaQlemwUtM7A6Ntw?version=11","lineage":"urn:adsk.wipprod:dm.lineage:_qLCnbpaQlemwUtM7A6Ntw","from":"urn:adsk.objects:os.object:wip.dm.prod/f808a83e-1b39-4c2a-9c07-76bd13d9fbf4.f3d","relativePath":"63c999b3-9522-4c53-bcaa-0c6b8d264d8d.f3d","downloadAs":"63c999b3-9522-4c53-bcaa-0c6b8d264d8d.f3d","friendlyName":"64x64 panel","displayName":"64x64 panel","zipped":false,"rootFile":"","contentType":"f3d","shareInfo":null,"references":[{"type":"XREF","ids":[2988644],"relationships":[{"id":2988644,"metadata":{"neutronRole":"acd58d03-3677-45fe-8663-4e18b4a8f5a4"}}]}],"metadata":{"pimDMAction":"","rootFileName":"64x64 panel.f3d","thumbnailStatus":"REGISTERED","EIPContext":"{}","translateChannel":"convert-fusion-r06","description":"User Saved","isAutoSave":"false","viewableChannel":"viewing-f3d-lmv","LibraryMemberItemInfo":"","DesignModelRevisionID":"53b3d5f0-4c8a-4da8-a9a3-311dcb271625"},"createdAt":"2024-03-03T14:41:04+0000"},{"id":2988646,"version":3,"about":"urn:adsk.wipprod:fs.file:vf.CNkOeVv4RhmQNIDAJMYBYA?version=3","lineage":"urn:adsk.wipprod:dm.lineage:CNkOeVv4RhmQNIDAJMYBYA","from":"urn:adsk.objects:os.object:wip.dm.prod/52293977-6f28-429e-99b3-3721228cc905.f3d","relativePath":"8c8ebafe-335a-4f6f-afae-c97fc3a64bae.f3d","downloadAs":"8c8ebafe-335a-4f6f-afae-c97fc3a64bae.f3d","friendlyName":"JST VH 4","displayName":"JST VH 4","zipped":false,"rootFile":"","contentType":"f3d","shareInfo":null,"references":[],"metadata":{"pimDMAction":"","rootFileName":"JST VH 4.f3d","thumbnailStatus":"REGISTERED","EIPContext":"{}","translateChannel":"convert-fusion-r06","description":"User Saved","isAutoSave":"false","viewableChannel":"viewing-f3d-lmv","LibraryMemberItemInfo":"","DesignModelRevisionID":"6f1b1852-fa24-4245-a937-02d3b401858f"},"createdAt":"2024-03-03T09:06:58+0000"},{"id":2988642,"version":23,"about":"urn:adsk.wipprod:fs.file:vf.ob7LvxQzTwCQppxDA74Pzw?version=23","lineage":"urn:adsk.wipprod:dm.lineage:ob7LvxQzTwCQppxDA74Pzw","from":"urn:adsk.objects:os.object:wip.dm.prod/2b045cba-80f1-4190-bcff-70aaec609d2b.f3d","relativePath":"3e98bcd3-bbac-4c0c-8d64-1e5dd47142ae.f3d","downloadAs":"3e98bcd3-bbac-4c0c-8d64-1e5dd47142ae.f3d","friendlyName":"panel-corner","displayName":"panel-corner","zipped":false,"rootFile":"","contentType":"f3d","shareInfo":null,"references":[{"type":"XREF","ids":[2988643,2988647],"relationships":[{"id":2988643,"metadata":{"neutronRole":"4a1178ed-2c27-4749-9370-3fcdfb2a3604"}},{"id":2988647,"metadata":{"neutronRole":"d4b5c4ea-5ae0-4381-8e57-f573d288b340"}}]}],"metadata":{"pimDMAction":"","rootFileName":"__delete__panel-corner.f3d","thumbnailStatus":"REGISTERED","EIPContext":"{}","translateChannel":"convert-fusion-r06","description":"User Saved","isAutoSave":"false","viewableStatus":"SUCCESS","viewableChannel":"viewing-f3d-lmv","LibraryMemberItemInfo":"","DesignModelRevisionID":"f39dd21a-6e48-4339-9f63-389cf80d2b42"},"createdAt":"2024-03-10T20:19:18+0000"},{"id":2988644,"version":5,"about":"urn:adsk.wipprod:fs.file:vf.kzSAGTAISUqCRV7mObyJFA?version=5","lineage":"urn:adsk.wipprod:dm.lineage:kzSAGTAISUqCRV7mObyJFA","from":"urn:adsk.objects:os.object:wip.dm.prod/f2835194-1d06-42b3-9828-1242d56a5e84.f3d","relativePath":"6ca8cc2a-35a6-4c11-a290-b154db4cd72b.f3d","downloadAs":"6ca8cc2a-35a6-4c11-a290-b154db4cd72b.f3d","friendlyName":"64x64 pcb","displayName":"64x64 pcb","zipped":false,"rootFile":"","contentType":"f3d","shareInfo":null,"references":[{"type":"XREF","ids":[2988645,2988646],"relationships":[{"id":2988645,"metadata":{"neutronRole":"ed45337f-c3cb-491a-9ce4-aa14f47457aa"}},{"id":2988646,"metadata":{"neutronRole":"b16cf31c-57ee-4504-aadb-68b55074f55e"}}]}],"metadata":{"pimDMAction":"","rootFileName":"64x64 pcb.f3d","thumbnailStatus":"REGISTERED","EIPContext":"{}","translateChannel":"convert-fusion-r06","description":"User Saved","isAutoSave":"false","viewableChannel":"viewing-f3d-lmv","LibraryMemberItemInfo":"","DesignModelRevisionID":"f629361c-ba11-4e51-95d9-7ec578416f3f"},"createdAt":"2024-03-03T14:33:21+0000"}]}]}}